170049/background (1).wav,BACKGROUND,BACKGROUND
170049/background (2).wav,BACKGROUND,BACKGROUND
170049/background (3).wav,BACKGROUND,DOORCLOSE
170049/background (4).wav,BACKGROUND,DOORKNOCK
170049/background (5).wav,BACKGROUND,BACKGROUND
170049/background (6).wav,BACKGROUND,BACKGROUND
170049/background (7).wav,BACKGROUND,BACKGROUND
170049/background (8).wav,BACKGROUND,DOORCLOSE
170049/background (9).wav,BACKGROUND,BACKGROUND
170049/background (10).wav,BACKGROUND,BACKGROUND
170049/doorclose (1).wav,DOORCLOSE,DOORCLOSE
170049/doorclose (2).wav,DOORCLOSE,DOORCLOSE
170049/doorclose (3).wav,DOORCLOSE,DOORCLOSE
170049/doorclose (4).wav,DOORCLOSE,DOORCLOSE
170049/doorclose (5).wav,DOORCLOSE,BACKGROUND
170049/doorclose (6).wav,DOORCLOSE,DOORKNOCK
170049/doorclose (7).wav,DOORCLOSE,DOORCLOSE
170049/doorclose (8).wav,DOORCLOSE,DOORKNOCK
170049/doorclose (9).wav,DOORCLOSE,DOORCLOSE
170049/doorclose (10).wav,DOORCLOSE,DOORCLOSE
170049/doorknock (1).wav,DOORKNOCK,DOORKNOCK
170049/doorknock (2).wav,DOORKNOCK,DOORKNOCK
170049/doorknock (3).wav,DOORKNOCK,MUSIC
170049/doorknock (4).wav,DOORKNOCK,DOORKNOCK
170049/doorknock (5).wav,DOORKNOCK,DOORKNOCK
170049/doorknock (6).wav,DOORKNOCK,DOORKNOCK
170049/doorknock (7).wav,DOORKNOCK,DOORKNOCK
170049/doorknock (8).wav,DOORKNOCK,DOORKNOCK
170049/doorknock (9).wav,DOORKNOCK,DOORKNOCK
170049/doorknock (10).wav,DOORKNOCK,DOORKNOCK
170049/music (1).wav,MUSIC,MUSIC
170049/music (2).wav,MUSIC,MUSIC
170049/music (3).wav,MUSIC,MUSIC
170049/music (4).wav,MUSIC,MUSIC
170049/music (5).wav,MUSIC,MUSIC
170049/music (6).wav,MUSIC,MUSIC
170049/music (7).wav,MUSIC,MUSIC
170049/music (8).wav,MUSIC,MUSIC
170049/music (9).wav,MUSIC,MUSIC
170049/music (10).wav,MUSIC,MUSIC
170049/speech (1).wav,SPEECH,SPEECH
170049/speech (2).wav,SPEECH,SPEECH
170049/speech (3).wav,SPEECH,SPEECH
170049/speech (4).wav,SPEECH,SPEECH
170049/speech (5).wav,SPEECH,SPEECH
170049/speech (6).wav,SPEECH,SPEECH
170049/speech (7).wav,SPEECH,SPEECH
170049/speech (8).wav,SPEECH,SPEECH
170049/speech (9).wav,SPEECH,SPEECH
170049/speech (10).wav,SPEECH,SPEECH
170161/background1.wav,BACKGROUND,BACKGROUND
170161/background2.wav,BACKGROUND,BACKGROUND
170161/background3.wav,BACKGROUND,BACKGROUND
170161/background4.wav,BACKGROUND,BACKGROUND
170161/background5.wav,BACKGROUND,BACKGROUND
170161/background6.wav,BACKGROUND,BACKGROUND
170161/background7.wav,BACKGROUND,DOORCLOSE
170161/background8.wav,BACKGROUND,BACKGROUND
170161/background9.wav,BACKGROUND,BACKGROUND
170161/background10.wav,BACKGROUND,BACKGROUND
170161/music1.wav,MUSIC,MUSIC
170161/music2.wav,MUSIC,MUSIC
170161/music3.wav,MUSIC,MUSIC
170161/music4.wav,MUSIC,MUSIC
170161/music5.wav,MUSIC,MUSIC
170161/music6.wav,MUSIC,MUSIC
170161/music7.wav,MUSIC,MUSIC
170161/music8.wav,MUSIC,MUSIC
170161/music9.wav,MUSIC,MUSIC
170161/music10.wav,MUSIC,MUSIC
170161/doorknock1.wav,DOORKNOCK,DOORKNOCK
170161/doorknock2.wav,DOORKNOCK,DOORKNOCK
170161/doorknock3.wav,DOORKNOCK,DOORKNOCK
170161/doorknock4.wav,DOORKNOCK,DOORKNOCK
170161/doorknock5.wav,DOORKNOCK,DOORKNOCK
170161/doorknock6.wav,DOORKNOCK,DOORKNOCK
170161/doorknock7.wav,DOORKNOCK,DOORKNOCK
170161/doorknock8.wav,DOORKNOCK,DOORKNOCK
170161/doorknock9.wav,DOORKNOCK,DOORKNOCK
170161/doorknock10.wav,DOORKNOCK,DOORKNOCK
170161/doorclose1.wav,DOORCLOSE,DOORCLOSE
170161/doorclose2.wav,DOORCLOSE,DOORCLOSE
170161/doorclose3.wav,DOORCLOSE,BACKGROUND
170161/doorclose4.wav,DOORCLOSE,DOORCLOSE
170161/doorclose5.wav,DOORCLOSE,DOORCLOSE
170161/doorclose6.wav,DOORCLOSE,DOORCLOSE
170161/doorclose7.wav,DOORCLOSE,DOORKNOCK
170161/doorclose8.wav,DOORCLOSE,DOORCLOSE
170161/doorclose9.wav,DOORCLOSE,BACKGROUND
170161/doorclose10.wav,DOORCLOSE,DOORKNOCK
170161/voice_1.wav,SPEECH,SPEECH
170161/voice_2.wav,SPEECH,SPEECH
170161/voice_3.wav,SPEECH,SPEECH
170161/voice_4.wav,SPEECH,SPEECH
170161/voice_5.wav,SPEECH,SPEECH
170161/voice_6.wav,SPEECH,SPEECH
170161/voice_7.wav,SPEECH,SPEECH
170161/voice_8.wav,SPEECH,SPEECH
170161/voice_9.wav,SPEECH,SPEECH
170161/voice_10.wav,SPEECH,SPEECH
170301/s1.wav,SPEECH,SPEECH
170301/s2.wav,SPEECH,SPEECH
170301/s3.wav,SPEECH,SPEECH
170301/s4.wav,SPEECH,SPEECH
170301/s5.wav,SPEECH,SPEECH
170301/s6.wav,SPEECH,SPEECH
170301/s7.wav,SPEECH,SPEECH
170301/s8.wav,SPEECH,SPEECH
170301/s9.wav,SPEECH,SPEECH
170301/s10.wav,SPEECH,SPEECH
170301/m1.wav,MUSIC,MUSIC
170301/m2.wav,MUSIC,MUSIC
170301/m3.wav,MUSIC,MUSIC
170301/m4.wav,MUSIC,MUSIC
170301/m5.wav,MUSIC,MUSIC
170301/m6.wav,MUSIC,MUSIC
170301/m7.wav,MUSIC,MUSIC
170301/m8.wav,MUSIC,MUSIC
170301/m9.wav,MUSIC,MUSIC
170301/m10.wav,MUSIC,MUSIC
170301/n1.wav,BACKGROUND,BACKGROUND
170301/n2.wav,BACKGROUND,BACKGROUND
170301/n3.wav,BACKGROUND,BACKGROUND
170301/n4.wav,BACKGROUND,BACKGROUND
170301/n5.wav,BACKGROUND,BACKGROUND
170301/n6.wav,BACKGROUND,BACKGROUND
170301/n7.wav,BACKGROUND,BACKGROUND
170301/n8.wav,BACKGROUND,BACKGROUND
170301/n9.wav,BACKGROUND,BACKGROUND
170301/n10.wav,BACKGROUND,MUSIC
170301/d1.wav,DOORKNOCK,DOORKNOCK
170301/d2.wav,DOORKNOCK,DOORKNOCK
170301/d3.wav,DOORKNOCK,DOORKNOCK
170301/d4.wav,DOORKNOCK,DOORKNOCK
170301/d5.wav,DOORKNOCK,DOORKNOCK
170301/d6.wav,DOORKNOCK,DOORKNOCK
170301/d7.wav,DOORKNOCK,DOORKNOCK
170301/d8.wav,DOORKNOCK,DOORKNOCK
170301/d9.wav,DOORKNOCK,DOORKNOCK
170301/d10.wav,DOORKNOCK,DOORKNOCK
170301/c1.wav,DOORCLOSE,DOORKNOCK
170301/c2.wav,DOORCLOSE,BACKGROUND
170301/c3.wav,DOORCLOSE,BACKGROUND
170301/c4.wav,DOORCLOSE,DOORCLOSE
170301/c5.wav,DOORCLOSE,BACKGROUND
170301/c6.wav,DOORCLOSE,BACKGROUND
170301/c7.wav,DOORCLOSE,DOORCLOSE
170301/c8.wav,DOORCLOSE,BACKGROUND
170301/c9.wav,DOORCLOSE,BACKGROUND
170301/c10.wav,DOORCLOSE,BACKGROUND
